File,Line,Column,Type,Message,Source,Severity,Fixable
"/Users/wedevs/Local Sites/pm/app/public/wp-content/plugins/wp-project-manager/core/Pro/Menu.php",44,9,error,"Overriding WordPress globals is prohibited. Found assignment to $submenu",WordPress.WP.GlobalVariablesOverride.Prohibited,5,0
"/Users/wedevs/Local Sites/pm/app/public/wp-content/plugins/wp-project-manager/core/Pro/Menu.php",46,13,error,"Overriding WordPress globals is prohibited. Found assignment to $submenu",WordPress.WP.GlobalVariablesOverride.Prohibited,5,0
"/Users/wedevs/Local Sites/pm/app/public/wp-content/plugins/wp-project-manager/core/Pro/Menu.php",47,13,error,"Overriding WordPress globals is prohibited. Found assignment to $submenu",WordPress.WP.GlobalVariablesOverride.Prohibited,5,0
"/Users/wedevs/Local Sites/pm/app/public/wp-content/plugins/wp-project-manager/core/Pro/Menu.php",48,13,error,"Overriding WordPress globals is prohibited. Found assignment to $submenu",WordPress.WP.GlobalVariablesOverride.Prohibited,5,0
"/Users/wedevs/Local Sites/pm/app/public/wp-content/plugins/wp-project-manager/core/File_System/File_System.php",67,29,error,"File operations should use WP_Filesystem methods instead of direct PHP filesystem calls. Found: file_put_contents()",WordPress.WP.AlternativeFunctions.file_system_read_file_put_contents,5,0
"/Users/wedevs/Local Sites/pm/app/public/wp-content/plugins/wp-project-manager/core/Cli/Commands.php",45,42,error,"rand() is discouraged. Use the far less predictable wp_rand() instead.",WordPress.WP.AlternativeFunctions.rand_rand,5,0
"/Users/wedevs/Local Sites/pm/app/public/wp-content/plugins/wp-project-manager/core/Cli/Commands.php",60,17,error,"mt_rand() is discouraged. Use the far less predictable wp_rand() instead.",WordPress.WP.AlternativeFunctions.rand_mt_rand,5,0
"/Users/wedevs/Local Sites/pm/app/public/wp-content/plugins/wp-project-manager/core/Cli/Commands.php",61,17,error,"mt_rand() is discouraged. Use the far less predictable wp_rand() instead.",WordPress.WP.AlternativeFunctions.rand_mt_rand,5,0
"/Users/wedevs/Local Sites/pm/app/public/wp-content/plugins/wp-project-manager/core/Cli/Commands.php",69,29,error,"mt_rand() is discouraged. Use the far less predictable wp_rand() instead.",WordPress.WP.AlternativeFunctions.rand_mt_rand,5,0
"/Users/wedevs/Local Sites/pm/app/public/wp-content/plugins/wp-project-manager/core/Cli/Commands.php",78,29,error,"mt_rand() is discouraged. Use the far less predictable wp_rand() instead.",WordPress.WP.AlternativeFunctions.rand_mt_rand,5,0
"/Users/wedevs/Local Sites/pm/app/public/wp-content/plugins/wp-project-manager/core/Cli/Commands.php",85,21,error,"mt_rand() is discouraged. Use the far less predictable wp_rand() instead.",WordPress.WP.AlternativeFunctions.rand_mt_rand,5,0
"/Users/wedevs/Local Sites/pm/app/public/wp-content/plugins/wp-project-manager/core/Cli/Commands.php",346,35,error,"date() is affected by runtime timezone changes which can cause date/time to be incorrectly displayed. Use gmdate() instead.",WordPress.DateTime.RestrictedFunctions.date_date,5,0
"/Users/wedevs/Local Sites/pm/app/public/wp-content/plugins/wp-project-manager/core/WP/Menu.php",21,9,error,"Overriding WordPress globals is prohibited. Found assignment to $submenu",WordPress.WP.GlobalVariablesOverride.Prohibited,5,0
"/Users/wedevs/Local Sites/pm/app/public/wp-content/plugins/wp-project-manager/core/WP/Menu.php",25,9,error,"Overriding WordPress globals is prohibited. Found assignment to $submenu",WordPress.WP.GlobalVariablesOverride.Prohibited,5,0
"/Users/wedevs/Local Sites/pm/app/public/wp-content/plugins/wp-project-manager/core/WP/Menu.php",28,13,error,"Overriding WordPress globals is prohibited. Found assignment to $submenu",WordPress.WP.GlobalVariablesOverride.Prohibited,5,0
"/Users/wedevs/Local Sites/pm/app/public/wp-content/plugins/wp-project-manager/core/WP/Menu.php",38,13,error,"Overriding WordPress globals is prohibited. Found assignment to $submenu",WordPress.WP.GlobalVariablesOverride.Prohibited,5,0
"/Users/wedevs/Local Sites/pm/app/public/wp-content/plugins/wp-project-manager/core/WP/Menu.php",42,13,error,"Overriding WordPress globals is prohibited. Found assignment to $submenu",WordPress.WP.GlobalVariablesOverride.Prohibited,5,0
"/Users/wedevs/Local Sites/pm/app/public/wp-content/plugins/wp-project-manager/core/WP/Menu.php",46,13,error,"Overriding WordPress globals is prohibited. Found assignment to $submenu",WordPress.WP.GlobalVariablesOverride.Prohibited,5,0
"/Users/wedevs/Local Sites/pm/app/public/wp-content/plugins/wp-project-manager/core/WP/Menu.php",62,12,error,"date() is affected by runtime timezone changes which can cause date/time to be incorrectly displayed. Use gmdate() instead.",WordPress.DateTime.RestrictedFunctions.date_date,5,0
"/Users/wedevs/Local Sites/pm/app/public/wp-content/plugins/wp-project-manager/core/Promotions/Offers.php",137,89,error,"All output should be run through an escaping function (see the Security sections in the WordPress Developer Handbooks), found '$offer'.",WordPress.Security.EscapeOutput.OutputNotEscaped,5,0
"/Users/wedevs/Local Sites/pm/app/public/wp-content/plugins/wp-project-manager/core/Upgrades/Upgrade_2_0.php",1217,38,error,"date() is affected by runtime timezone changes which can cause date/time to be incorrectly displayed. Use gmdate() instead.",WordPress.DateTime.RestrictedFunctions.date_date,5,0
"/Users/wedevs/Local Sites/pm/app/public/wp-content/plugins/wp-project-manager/core/Upgrades/Upgrade_2_0.php",1407,25,error,"date() is affected by runtime timezone changes which can cause date/time to be incorrectly displayed. Use gmdate() instead.",WordPress.DateTime.RestrictedFunctions.date_date,5,0
"/Users/wedevs/Local Sites/pm/app/public/wp-content/plugins/wp-project-manager/core/Upgrades/Upgrade_2_0.php",1595,21,error,"date() is affected by runtime timezone changes which can cause date/time to be incorrectly displayed. Use gmdate() instead.",WordPress.DateTime.RestrictedFunctions.date_date,5,0
"/Users/wedevs/Local Sites/pm/app/public/wp-content/plugins/wp-project-manager/core/Upgrades/Upgrade_2_0.php",1916,17,error,"date() is affected by runtime timezone changes which can cause date/time to be incorrectly displayed. Use gmdate() instead.",WordPress.DateTime.RestrictedFunctions.date_date,5,0
"/Users/wedevs/Local Sites/pm/app/public/wp-content/plugins/wp-project-manager/core/Upgrades/Upgrade_2_2_1.php",28,13,error,"date() is affected by runtime timezone changes which can cause date/time to be incorrectly displayed. Use gmdate() instead.",WordPress.DateTime.RestrictedFunctions.date_date,5,0
"/Users/wedevs/Local Sites/pm/app/public/wp-content/plugins/wp-project-manager/core/Notifications/Background_Emailer.php",48,136,error,"All output should be run through an escaping function (see the Security sections in the WordPress Developer Handbooks), found '$callback['filter']'.",WordPress.Security.EscapeOutput.OutputNotEscaped,5,0
"/Users/wedevs/Local Sites/pm/app/public/wp-content/plugins/wp-project-manager/core/Notifications/Notification.php",112,132,error,"All output should be run through an escaping function (see the Security sections in the WordPress Developer Handbooks), found 'current_filter'.",WordPress.Security.EscapeOutput.OutputNotEscaped,5,0
"/Users/wedevs/Local Sites/pm/app/public/wp-content/plugins/wp-project-manager/bootstrap/loaders.php",174,25,error,"File operations should use WP_Filesystem methods instead of direct PHP filesystem calls. Found: file_put_contents()",WordPress.WP.AlternativeFunctions.file_system_read_file_put_contents,5,0
"/Users/wedevs/Local Sites/pm/app/public/wp-content/plugins/wp-project-manager/libs/functions.php",109,20,error,"date() is affected by runtime timezone changes which can cause date/time to be incorrectly displayed. Use gmdate() instead.",WordPress.DateTime.RestrictedFunctions.date_date,5,0
"/Users/wedevs/Local Sites/pm/app/public/wp-content/plugins/wp-project-manager/libs/functions.php",128,9,error,"Overriding WordPress globals is prohibited. Found assignment to $wp_roles",WordPress.WP.GlobalVariablesOverride.Prohibited,5,0
"/Users/wedevs/Local Sites/pm/app/public/wp-content/plugins/wp-project-manager/libs/functions.php",570,42,error,"date() is affected by runtime timezone changes which can cause date/time to be incorrectly displayed. Use gmdate() instead.",WordPress.DateTime.RestrictedFunctions.date_date,5,0
"/Users/wedevs/Local Sites/pm/app/public/wp-content/plugins/wp-project-manager/src/Task_List/Controllers/Task_List_Controller.php",614,71,error,"date() is affected by runtime timezone changes which can cause date/time to be incorrectly displayed. Use gmdate() instead.",WordPress.DateTime.RestrictedFunctions.date_date,5,0
"/Users/wedevs/Local Sites/pm/app/public/wp-content/plugins/wp-project-manager/src/Task_List/Controllers/Task_List_Controller.php",628,26,error,"date() is affected by runtime timezone changes which can cause date/time to be incorrectly displayed. Use gmdate() instead.",WordPress.DateTime.RestrictedFunctions.date_date,5,0
"/Users/wedevs/Local Sites/pm/app/public/wp-content/plugins/wp-project-manager/src/Task_List/Controllers/Task_List_Controller.php",632,26,error,"date() is affected by runtime timezone changes which can cause date/time to be incorrectly displayed. Use gmdate() instead.",WordPress.DateTime.RestrictedFunctions.date_date,5,0
"/Users/wedevs/Local Sites/pm/app/public/wp-content/plugins/wp-project-manager/src/Task_List/Controllers/Task_List_Controller.php",636,26,error,"date() is affected by runtime timezone changes which can cause date/time to be incorrectly displayed. Use gmdate() instead.",WordPress.DateTime.RestrictedFunctions.date_date,5,0
"/Users/wedevs/Local Sites/pm/app/public/wp-content/plugins/wp-project-manager/src/Task_List/Controllers/Task_List_Controller.php",637,25,error,"date() is affected by runtime timezone changes which can cause date/time to be incorrectly displayed. Use gmdate() instead.",WordPress.DateTime.RestrictedFunctions.date_date,5,0
"/Users/wedevs/Local Sites/pm/app/public/wp-content/plugins/wp-project-manager/src/Task_List/Controllers/Task_List_Controller.php",687,40,error,"Use placeholders and $wpdb->prepare(); found $boardable",WordPress.DB.PreparedSQL.NotPrepared,5,0
"/Users/wedevs/Local Sites/pm/app/public/wp-content/plugins/wp-project-manager/src/Task_List/Helper/Task_List.php",180,51,error,"Use placeholders and $wpdb->prepare(); found $query",WordPress.DB.PreparedSQL.NotPrepared,5,0
"/Users/wedevs/Local Sites/pm/app/public/wp-content/plugins/wp-project-manager/src/Task_List/Helper/Task_List.php",239,51,error,"Use placeholders and $wpdb->prepare(); found $query",WordPress.DB.PreparedSQL.NotPrepared,5,0
"/Users/wedevs/Local Sites/pm/app/public/wp-content/plugins/wp-project-manager/src/Task_List/Helper/Task_List.php",303,51,error,"Use placeholders and $wpdb->prepare(); found $query",WordPress.DB.PreparedSQL.NotPrepared,5,0
"/Users/wedevs/Local Sites/pm/app/public/wp-content/plugins/wp-project-manager/src/Task_List/Helper/Task_List.php",367,51,error,"Use placeholders and $wpdb->prepare(); found $query",WordPress.DB.PreparedSQL.NotPrepared,5,0
"/Users/wedevs/Local Sites/pm/app/public/wp-content/plugins/wp-project-manager/src/Task_List/Helper/Task_List.php",427,56,error,"Use placeholders and $wpdb->prepare(); found $query",WordPress.DB.PreparedSQL.NotPrepared,5,0
"/Users/wedevs/Local Sites/pm/app/public/wp-content/plugins/wp-project-manager/src/Task_List/Helper/Task_List.php",536,56,error,"Use placeholders and $wpdb->prepare(); found $query",WordPress.DB.PreparedSQL.NotPrepared,5,0
"/Users/wedevs/Local Sites/pm/app/public/wp-content/plugins/wp-project-manager/src/Task_List/Helper/Task_List.php",574,50,error,"Use placeholders and $wpdb->prepare(); found $query",WordPress.DB.PreparedSQL.NotPrepared,5,0
"/Users/wedevs/Local Sites/pm/app/public/wp-content/plugins/wp-project-manager/src/Task_List/Helper/Task_List.php",608,50,error,"Use placeholders and $wpdb->prepare(); found $query",WordPress.DB.PreparedSQL.NotPrepared,5,0
"/Users/wedevs/Local Sites/pm/app/public/wp-content/plugins/wp-project-manager/src/Task_List/Helper/Task_List.php",642,50,error,"Use placeholders and $wpdb->prepare(); found $query",WordPress.DB.PreparedSQL.NotPrepared,5,0
"/Users/wedevs/Local Sites/pm/app/public/wp-content/plugins/wp-project-manager/src/Task_List/Helper/Task_List.php",675,50,error,"Use placeholders and $wpdb->prepare(); found $query",WordPress.DB.PreparedSQL.NotPrepared,5,0
"/Users/wedevs/Local Sites/pm/app/public/wp-content/plugins/wp-project-manager/src/Task_List/Helper/Task_List.php",727,50,error,"Use placeholders and $wpdb->prepare(); found $query",WordPress.DB.PreparedSQL.NotPrepared,5,0
"/Users/wedevs/Local Sites/pm/app/public/wp-content/plugins/wp-project-manager/src/Task_List/Helper/Task_List.php",1013,50,error,"Use placeholders and $wpdb->prepare(); found $query",WordPress.DB.PreparedSQL.NotPrepared,5,0
"/Users/wedevs/Local Sites/pm/app/public/wp-content/plugins/wp-project-manager/src/Settings/Helper/Settings.php",81,70,error,"Use placeholders and $wpdb->prepare(); found $query",WordPress.DB.PreparedSQL.NotPrepared,5,0
"/Users/wedevs/Local Sites/pm/app/public/wp-content/plugins/wp-project-manager/src/Settings/Helper/Settings.php",93,67,error,"Use placeholders and $wpdb->prepare(); found $query",WordPress.DB.PreparedSQL.NotPrepared,5,0
"/Users/wedevs/Local Sites/pm/app/public/wp-content/plugins/wp-project-manager/src/Settings/Helper/Settings.php",105,68,error,"Use placeholders and $wpdb->prepare(); found $query",WordPress.DB.PreparedSQL.NotPrepared,5,0
"/Users/wedevs/Local Sites/pm/app/public/wp-content/plugins/wp-project-manager/src/Settings/Helper/Settings.php",119,33,error,"Use placeholders and $wpdb->prepare(); found $query",WordPress.DB.PreparedSQL.NotPrepared,5,0
"/Users/wedevs/Local Sites/pm/app/public/wp-content/plugins/wp-project-manager/src/Tools/Library/PM_Asana.php",1327,17,error,"Using cURL functions is highly discouraged. Use wp_remote_get() instead.",WordPress.WP.AlternativeFunctions.curl_curl_init,5,0
"/Users/wedevs/Local Sites/pm/app/public/wp-content/plugins/wp-project-manager/src/Tools/Library/PM_Asana.php",1328,9,error,"Using cURL functions is highly discouraged. Use wp_remote_get() instead.",WordPress.WP.AlternativeFunctions.curl_curl_setopt,5,0
"/Users/wedevs/Local Sites/pm/app/public/wp-content/plugins/wp-project-manager/src/Tools/Library/PM_Asana.php",1329,9,error,"Using cURL functions is highly discouraged. Use wp_remote_get() instead.",WordPress.WP.AlternativeFunctions.curl_curl_setopt,5,0
"/Users/wedevs/Local Sites/pm/app/public/wp-content/plugins/wp-project-manager/src/Tools/Library/PM_Asana.php",1330,9,error,"Using cURL functions is highly discouraged. Use wp_remote_get() instead.",WordPress.WP.AlternativeFunctions.curl_curl_setopt,5,0
"/Users/wedevs/Local Sites/pm/app/public/wp-content/plugins/wp-project-manager/src/Tools/Library/PM_Asana.php",1331,9,error,"Using cURL functions is highly discouraged. Use wp_remote_get() instead.",WordPress.WP.AlternativeFunctions.curl_curl_setopt,5,0
"/Users/wedevs/Local Sites/pm/app/public/wp-content/plugins/wp-project-manager/src/Tools/Library/PM_Asana.php",1332,9,error,"Using cURL functions is highly discouraged. Use wp_remote_get() instead.",WordPress.WP.AlternativeFunctions.curl_curl_setopt,5,0
"/Users/wedevs/Local Sites/pm/app/public/wp-content/plugins/wp-project-manager/src/Tools/Library/PM_Asana.php",1333,9,error,"Using cURL functions is highly discouraged. Use wp_remote_get() instead.",WordPress.WP.AlternativeFunctions.curl_curl_setopt,5,0
"/Users/wedevs/Local Sites/pm/app/public/wp-content/plugins/wp-project-manager/src/Tools/Library/PM_Asana.php",1334,9,error,"Using cURL functions is highly discouraged. Use wp_remote_get() instead.",WordPress.WP.AlternativeFunctions.curl_curl_setopt,5,0
"/Users/wedevs/Local Sites/pm/app/public/wp-content/plugins/wp-project-manager/src/Tools/Library/PM_Asana.php",1338,13,error,"Using cURL functions is highly discouraged. Use wp_remote_get() instead.",WordPress.WP.AlternativeFunctions.curl_curl_setopt,5,0
"/Users/wedevs/Local Sites/pm/app/public/wp-content/plugins/wp-project-manager/src/Tools/Library/PM_Asana.php",1339,13,error,"Using cURL functions is highly discouraged. Use wp_remote_get() instead.",WordPress.WP.AlternativeFunctions.curl_curl_setopt,5,0
"/Users/wedevs/Local Sites/pm/app/public/wp-content/plugins/wp-project-manager/src/Tools/Library/PM_Asana.php",1362,13,error,"Using cURL functions is highly discouraged. Use wp_remote_get() instead.",WordPress.WP.AlternativeFunctions.curl_curl_setopt,5,0
"/Users/wedevs/Local Sites/pm/app/public/wp-content/plugins/wp-project-manager/src/Tools/Library/PM_Asana.php",1363,13,error,"Using cURL functions is highly discouraged. Use wp_remote_get() instead.",WordPress.WP.AlternativeFunctions.curl_curl_setopt,5,0
"/Users/wedevs/Local Sites/pm/app/public/wp-content/plugins/wp-project-manager/src/Tools/Library/PM_Asana.php",1364,13,error,"Using cURL functions is highly discouraged. Use wp_remote_get() instead.",WordPress.WP.AlternativeFunctions.curl_curl_setopt,5,0
"/Users/wedevs/Local Sites/pm/app/public/wp-content/plugins/wp-project-manager/src/Tools/Library/PM_Asana.php",1368,13,error,"Using cURL functions is highly discouraged. Use wp_remote_get() instead.",WordPress.WP.AlternativeFunctions.curl_curl_setopt,5,0
"/Users/wedevs/Local Sites/pm/app/public/wp-content/plugins/wp-project-manager/src/Tools/Library/PM_Asana.php",1370,13,error,"Using cURL functions is highly discouraged. Use wp_remote_get() instead.",WordPress.WP.AlternativeFunctions.curl_curl_setopt,5,0
"/Users/wedevs/Local Sites/pm/app/public/wp-content/plugins/wp-project-manager/src/Tools/Library/PM_Asana.php",1372,13,error,"Using cURL functions is highly discouraged. Use wp_remote_get() instead.",WordPress.WP.AlternativeFunctions.curl_curl_setopt,5,0
"/Users/wedevs/Local Sites/pm/app/public/wp-content/plugins/wp-project-manager/src/Tools/Library/PM_Asana.php",1375,13,error,"Using cURL functions is highly discouraged. Use wp_remote_get() instead.",WordPress.WP.AlternativeFunctions.curl_curl_setopt,5,0
"/Users/wedevs/Local Sites/pm/app/public/wp-content/plugins/wp-project-manager/src/Tools/Library/PM_Asana.php",1389,13,error,"Using cURL functions is highly discouraged. Use wp_remote_get() instead.",WordPress.WP.AlternativeFunctions.curl_curl_setopt,5,0
"/Users/wedevs/Local Sites/pm/app/public/wp-content/plugins/wp-project-manager/src/Tools/Library/PM_Asana.php",1393,31,error,"Using cURL functions is highly discouraged. Use wp_remote_get() instead.",WordPress.WP.AlternativeFunctions.curl_curl_exec,5,0
"/Users/wedevs/Local Sites/pm/app/public/wp-content/plugins/wp-project-manager/src/Tools/Library/PM_Asana.php",1394,35,error,"Using cURL functions is highly discouraged. Use wp_remote_get() instead.",WordPress.WP.AlternativeFunctions.curl_curl_getinfo,5,0
"/Users/wedevs/Local Sites/pm/app/public/wp-content/plugins/wp-project-manager/src/Tools/Library/PM_Asana.php",1397,25,error,"Using cURL functions is highly discouraged. Use wp_remote_get() instead.",WordPress.WP.AlternativeFunctions.curl_curl_getinfo,5,0
"/Users/wedevs/Local Sites/pm/app/public/wp-content/plugins/wp-project-manager/src/Tools/Library/PM_Asana.php",1402,60,error,"Using cURL functions is highly discouraged. Use wp_remote_get() instead.",WordPress.WP.AlternativeFunctions.curl_curl_errno,5,0
"/Users/wedevs/Local Sites/pm/app/public/wp-content/plugins/wp-project-manager/src/Tools/Library/PM_Asana.php",1403,56,error,"Using cURL functions is highly discouraged. Use wp_remote_get() instead.",WordPress.WP.AlternativeFunctions.curl_curl_error,5,0
"/Users/wedevs/Local Sites/pm/app/public/wp-content/plugins/wp-project-manager/src/Tools/Library/PM_Asana.php",1411,56,error,"Using cURL functions is highly discouraged. Use wp_remote_get() instead.",WordPress.WP.AlternativeFunctions.curl_curl_errno,5,0
"/Users/wedevs/Local Sites/pm/app/public/wp-content/plugins/wp-project-manager/src/Tools/Library/PM_Asana.php",1412,52,error,"Using cURL functions is highly discouraged. Use wp_remote_get() instead.",WordPress.WP.AlternativeFunctions.curl_curl_error,5,0
"/Users/wedevs/Local Sites/pm/app/public/wp-content/plugins/wp-project-manager/src/Tools/Library/PM_Asana.php",1418,9,error,"Using cURL functions is highly discouraged. Use wp_remote_get() instead.",WordPress.WP.AlternativeFunctions.curl_curl_close,5,0
"/Users/wedevs/Local Sites/pm/app/public/wp-content/plugins/wp-project-manager/src/My_Task/Controllers/MyTask_Controller.php",28,18,error,"date() is affected by runtime timezone changes which can cause date/time to be incorrectly displayed. Use gmdate() instead.",WordPress.DateTime.RestrictedFunctions.date_date,5,0
"/Users/wedevs/Local Sites/pm/app/public/wp-content/plugins/wp-project-manager/src/My_Task/Controllers/MyTask_Controller.php",158,17,error,"Simple placeholders should not be quoted in the query string in $wpdb->prepare(). Found: '%s'.",WordPress.DB.PreparedSQLPlaceholders.QuotedSimplePlaceholder,5,0
"/Users/wedevs/Local Sites/pm/app/public/wp-content/plugins/wp-project-manager/src/My_Task/Controllers/MyTask_Controller.php",404,43,error,"Use placeholders and $wpdb->prepare(); found $event_query",WordPress.DB.PreparedSQL.NotPrepared,5,0
"/Users/wedevs/Local Sites/pm/app/public/wp-content/plugins/wp-project-manager/src/My_Task/Controllers/MyTask_Controller.php",407,17,error,"Simple placeholders should not be quoted in the query string in $wpdb->prepare(). Found: '%d'.",WordPress.DB.PreparedSQLPlaceholders.QuotedSimplePlaceholder,5,0
"/Users/wedevs/Local Sites/pm/app/public/wp-content/plugins/wp-project-manager/src/My_Task/Controllers/MyTask_Controller.php",477,42,error,"Simple placeholders should not be quoted in the query string in $wpdb->prepare(). Found: '%d'.",WordPress.DB.PreparedSQLPlaceholders.QuotedSimplePlaceholder,5,0
"/Users/wedevs/Local Sites/pm/app/public/wp-content/plugins/wp-project-manager/src/My_Task/Controllers/MyTask_Controller.php",479,44,error,"Use placeholders and $wpdb->prepare(); found $project_query",WordPress.DB.PreparedSQL.NotPrepared,5,0
"/Users/wedevs/Local Sites/pm/app/public/wp-content/plugins/wp-project-manager/src/File/Controllers/File_Controller.php",124,13,error,"File operations should use WP_Filesystem methods instead of direct PHP filesystem calls. Found: readfile()",WordPress.WP.AlternativeFunctions.file_system_read_readfile,5,0
"/Users/wedevs/Local Sites/pm/app/public/wp-content/plugins/wp-project-manager/src/File/Helper/File.php",365,50,error,"Use placeholders and $wpdb->prepare(); found $query",WordPress.DB.PreparedSQL.NotPrepared,5,0
"/Users/wedevs/Local Sites/pm/app/public/wp-content/plugins/wp-project-manager/src/Pusher/Libs/action.php",26,33,error,"date() is affected by runtime timezone changes which can cause date/time to be incorrectly displayed. Use gmdate() instead.",WordPress.DateTime.RestrictedFunctions.date_date,5,0
"/Users/wedevs/Local Sites/pm/app/public/wp-content/plugins/wp-project-manager/src/Pusher/Libs/action.php",27,33,error,"date() is affected by runtime timezone changes which can cause date/time to be incorrectly displayed. Use gmdate() instead.",WordPress.DateTime.RestrictedFunctions.date_date,5,0
"/Users/wedevs/Local Sites/pm/app/public/wp-content/plugins/wp-project-manager/src/Pusher/Src/Controllers/Pusher_Controller.php",40,18,error,"All output should be run through an escaping function (see the Security sections in the WordPress Developer Handbooks), found '$auth_response'.",WordPress.Security.EscapeOutput.OutputNotEscaped,5,0
"/Users/wedevs/Local Sites/pm/app/public/wp-content/plugins/wp-project-manager/src/Activity/Helper/Activity.php",349,24,error,"date() is affected by runtime timezone changes which can cause date/time to be incorrectly displayed. Use gmdate() instead.",WordPress.DateTime.RestrictedFunctions.date_date,5,0
"/Users/wedevs/Local Sites/pm/app/public/wp-content/plugins/wp-project-manager/src/Activity/Helper/Activity.php",350,24,error,"date() is affected by runtime timezone changes which can cause date/time to be incorrectly displayed. Use gmdate() instead.",WordPress.DateTime.RestrictedFunctions.date_date,5,0
"/Users/wedevs/Local Sites/pm/app/public/wp-content/plugins/wp-project-manager/src/Activity/Helper/Activity.php",632,50,error,"Use placeholders and $wpdb->prepare(); found $query",WordPress.DB.PreparedSQL.NotPrepared,5,0
"/Users/wedevs/Local Sites/pm/app/public/wp-content/plugins/wp-project-manager/src/Comment/Helper/Comment.php",229,51,error,"Use placeholders and $wpdb->prepare(); found $query",WordPress.DB.PreparedSQL.NotPrepared,5,0
"/Users/wedevs/Local Sites/pm/app/public/wp-content/plugins/wp-project-manager/src/Comment/Helper/Comment.php",431,50,error,"Use placeholders and $wpdb->prepare(); found $query",WordPress.DB.PreparedSQL.NotPrepared,5,0
"/Users/wedevs/Local Sites/pm/app/public/wp-content/plugins/wp-project-manager/src/Milestone/Controllers/Milestone_Controller.php",111,46,error,"date() is affected by runtime timezone changes which can cause date/time to be incorrectly displayed. Use gmdate() instead.",WordPress.DateTime.RestrictedFunctions.date_date,5,0
"/Users/wedevs/Local Sites/pm/app/public/wp-content/plugins/wp-project-manager/src/Milestone/Controllers/Milestone_Controller.php",147,46,error,"date() is affected by runtime timezone changes which can cause date/time to be incorrectly displayed. Use gmdate() instead.",WordPress.DateTime.RestrictedFunctions.date_date,5,0
"/Users/wedevs/Local Sites/pm/app/public/wp-content/plugins/wp-project-manager/src/Milestone/Controllers/Milestone_Controller.php",198,33,error,"date() is affected by runtime timezone changes which can cause date/time to be incorrectly displayed. Use gmdate() instead.",WordPress.DateTime.RestrictedFunctions.date_date,5,0
"/Users/wedevs/Local Sites/pm/app/public/wp-content/plugins/wp-project-manager/src/Milestone/Helper/Milestone.php",204,51,error,"Use placeholders and $wpdb->prepare(); found $query",WordPress.DB.PreparedSQL.NotPrepared,5,0
"/Users/wedevs/Local Sites/pm/app/public/wp-content/plugins/wp-project-manager/src/Milestone/Helper/Milestone.php",260,51,error,"Use placeholders and $wpdb->prepare(); found $query",WordPress.DB.PreparedSQL.NotPrepared,5,0
"/Users/wedevs/Local Sites/pm/app/public/wp-content/plugins/wp-project-manager/src/Milestone/Helper/Milestone.php",299,50,error,"Use placeholders and $wpdb->prepare(); found $query",WordPress.DB.PreparedSQL.NotPrepared,5,0
"/Users/wedevs/Local Sites/pm/app/public/wp-content/plugins/wp-project-manager/src/Milestone/Helper/Milestone.php",346,50,error,"Use placeholders and $wpdb->prepare(); found $query",WordPress.DB.PreparedSQL.NotPrepared,5,0
"/Users/wedevs/Local Sites/pm/app/public/wp-content/plugins/wp-project-manager/src/Milestone/Helper/Milestone.php",384,50,error,"Use placeholders and $wpdb->prepare(); found $query",WordPress.DB.PreparedSQL.NotPrepared,5,0
"/Users/wedevs/Local Sites/pm/app/public/wp-content/plugins/wp-project-manager/src/Milestone/Helper/Milestone.php",419,56,error,"Use placeholders and $wpdb->prepare(); found $query",WordPress.DB.PreparedSQL.NotPrepared,5,0
"/Users/wedevs/Local Sites/pm/app/public/wp-content/plugins/wp-project-manager/src/Milestone/Helper/Milestone.php",621,50,error,"Use placeholders and $wpdb->prepare(); found $query",WordPress.DB.PreparedSQL.NotPrepared,5,0
"/Users/wedevs/Local Sites/pm/app/public/wp-content/plugins/wp-project-manager/src/User/Transformers/User_Transformer.php",116,22,error,"date() is affected by runtime timezone changes which can cause date/time to be incorrectly displayed. Use gmdate() instead.",WordPress.DateTime.RestrictedFunctions.date_date,5,0
"/Users/wedevs/Local Sites/pm/app/public/wp-content/plugins/wp-project-manager/src/User/Transformers/User_Transformer.php",146,24,error,"date() is affected by runtime timezone changes which can cause date/time to be incorrectly displayed. Use gmdate() instead.",WordPress.DateTime.RestrictedFunctions.date_date,5,0
"/Users/wedevs/Local Sites/pm/app/public/wp-content/plugins/wp-project-manager/src/User/Transformers/User_Transformer.php",151,28,error,"date() is affected by runtime timezone changes which can cause date/time to be incorrectly displayed. Use gmdate() instead.",WordPress.DateTime.RestrictedFunctions.date_date,5,0
"/Users/wedevs/Local Sites/pm/app/public/wp-content/plugins/wp-project-manager/src/User/Transformers/User_Transformer.php",162,38,error,"date() is affected by runtime timezone changes which can cause date/time to be incorrectly displayed. Use gmdate() instead.",WordPress.DateTime.RestrictedFunctions.date_date,5,0
"/Users/wedevs/Local Sites/pm/app/public/wp-content/plugins/wp-project-manager/src/User/Transformers/User_Transformer.php",163,67,error,"date() is affected by runtime timezone changes which can cause date/time to be incorrectly displayed. Use gmdate() instead.",WordPress.DateTime.RestrictedFunctions.date_date,5,0
"/Users/wedevs/Local Sites/pm/app/public/wp-content/plugins/wp-project-manager/src/User/Transformers/User_Transformer.php",163,119,error,"date() is affected by runtime timezone changes which can cause date/time to be incorrectly displayed. Use gmdate() instead.",WordPress.DateTime.RestrictedFunctions.date_date,5,0
"/Users/wedevs/Local Sites/pm/app/public/wp-content/plugins/wp-project-manager/src/User/Transformers/User_Transformer.php",164,72,error,"date() is affected by runtime timezone changes which can cause date/time to be incorrectly displayed. Use gmdate() instead.",WordPress.DateTime.RestrictedFunctions.date_date,5,0
"/Users/wedevs/Local Sites/pm/app/public/wp-content/plugins/wp-project-manager/src/User/Transformers/User_Transformer.php",182,38,error,"date() is affected by runtime timezone changes which can cause date/time to be incorrectly displayed. Use gmdate() instead.",WordPress.DateTime.RestrictedFunctions.date_date,5,0
"/Users/wedevs/Local Sites/pm/app/public/wp-content/plugins/wp-project-manager/src/User/Transformers/User_Transformer.php",183,72,error,"date() is affected by runtime timezone changes which can cause date/time to be incorrectly displayed. Use gmdate() instead.",WordPress.DateTime.RestrictedFunctions.date_date,5,0
"/Users/wedevs/Local Sites/pm/app/public/wp-content/plugins/wp-project-manager/src/User/Transformers/User_Transformer.php",184,67,error,"date() is affected by runtime timezone changes which can cause date/time to be incorrectly displayed. Use gmdate() instead.",WordPress.DateTime.RestrictedFunctions.date_date,5,0
"/Users/wedevs/Local Sites/pm/app/public/wp-content/plugins/wp-project-manager/src/User/Transformers/User_Transformer.php",184,119,error,"date() is affected by runtime timezone changes which can cause date/time to be incorrectly displayed. Use gmdate() instead.",WordPress.DateTime.RestrictedFunctions.date_date,5,0
"/Users/wedevs/Local Sites/pm/app/public/wp-content/plugins/wp-project-manager/src/User/Transformers/User_Transformer.php",202,72,error,"date() is affected by runtime timezone changes which can cause date/time to be incorrectly displayed. Use gmdate() instead.",WordPress.DateTime.RestrictedFunctions.date_date,5,0
"/Users/wedevs/Local Sites/pm/app/public/wp-content/plugins/wp-project-manager/src/User/Transformers/User_Transformer.php",203,67,error,"date() is affected by runtime timezone changes which can cause date/time to be incorrectly displayed. Use gmdate() instead.",WordPress.DateTime.RestrictedFunctions.date_date,5,0
"/Users/wedevs/Local Sites/pm/app/public/wp-content/plugins/wp-project-manager/src/User/Transformers/User_Transformer.php",203,119,error,"date() is affected by runtime timezone changes which can cause date/time to be incorrectly displayed. Use gmdate() instead.",WordPress.DateTime.RestrictedFunctions.date_date,5,0
"/Users/wedevs/Local Sites/pm/app/public/wp-content/plugins/wp-project-manager/src/User/Transformers/User_Transformer.php",298,26,error,"date() is affected by runtime timezone changes which can cause date/time to be incorrectly displayed. Use gmdate() instead.",WordPress.DateTime.RestrictedFunctions.date_date,5,0
"/Users/wedevs/Local Sites/pm/app/public/wp-content/plugins/wp-project-manager/src/User/Transformers/User_Transformer.php",299,22,error,"date() is affected by runtime timezone changes which can cause date/time to be incorrectly displayed. Use gmdate() instead.",WordPress.DateTime.RestrictedFunctions.date_date,5,0
"/Users/wedevs/Local Sites/pm/app/public/wp-content/plugins/wp-project-manager/src/User/Transformers/User_Transformer.php",301,26,error,"date() is affected by runtime timezone changes which can cause date/time to be incorrectly displayed. Use gmdate() instead.",WordPress.DateTime.RestrictedFunctions.date_date,5,0
"/Users/wedevs/Local Sites/pm/app/public/wp-content/plugins/wp-project-manager/src/User/Transformers/User_Transformer.php",302,26,error,"date() is affected by runtime timezone changes which can cause date/time to be incorrectly displayed. Use gmdate() instead.",WordPress.DateTime.RestrictedFunctions.date_date,5,0
"/Users/wedevs/Local Sites/pm/app/public/wp-content/plugins/wp-project-manager/src/User/Transformers/User_Transformer.php",314,53,error,"date() is affected by runtime timezone changes which can cause date/time to be incorrectly displayed. Use gmdate() instead.",WordPress.DateTime.RestrictedFunctions.date_date,5,0
"/Users/wedevs/Local Sites/pm/app/public/wp-content/plugins/wp-project-manager/src/User/Transformers/User_Transformer.php",318,24,error,"date() is affected by runtime timezone changes which can cause date/time to be incorrectly displayed. Use gmdate() instead.",WordPress.DateTime.RestrictedFunctions.date_date,5,0
"/Users/wedevs/Local Sites/pm/app/public/wp-content/plugins/wp-project-manager/src/User/Transformers/User_Transformer.php",322,24,error,"date() is affected by runtime timezone changes which can cause date/time to be incorrectly displayed. Use gmdate() instead.",WordPress.DateTime.RestrictedFunctions.date_date,5,0
"/Users/wedevs/Local Sites/pm/app/public/wp-content/plugins/wp-project-manager/src/User/Transformers/User_Transformer.php",326,24,error,"date() is affected by runtime timezone changes which can cause date/time to be incorrectly displayed. Use gmdate() instead.",WordPress.DateTime.RestrictedFunctions.date_date,5,0
"/Users/wedevs/Local Sites/pm/app/public/wp-content/plugins/wp-project-manager/src/User/Controllers/User_Controller.php",211,38,error,"Use placeholders and $wpdb->prepare(); found $sql",WordPress.DB.PreparedSQL.NotPrepared,5,0
"/Users/wedevs/Local Sites/pm/app/public/wp-content/plugins/wp-project-manager/src/User/Helper/User.php",252,50,error,"Use placeholders and $wpdb->prepare(); found $query",WordPress.DB.PreparedSQL.NotPrepared,5,0
"/Users/wedevs/Local Sites/pm/app/public/wp-content/plugins/wp-project-manager/src/Imports/Helpers/Trello_helper.php",38,17,error,"Using cURL functions is highly discouraged. Use wp_remote_get() instead.",WordPress.WP.AlternativeFunctions.curl_curl_init,5,0
"/Users/wedevs/Local Sites/pm/app/public/wp-content/plugins/wp-project-manager/src/Imports/Helpers/Trello_helper.php",40,9,error,"Using cURL functions is highly discouraged. Use wp_remote_get() instead.",WordPress.WP.AlternativeFunctions.curl_curl_setopt_array,5,0
"/Users/wedevs/Local Sites/pm/app/public/wp-content/plugins/wp-project-manager/src/Imports/Helpers/Trello_helper.php",45,17,error,"Using cURL functions is highly discouraged. Use wp_remote_get() instead.",WordPress.WP.AlternativeFunctions.curl_curl_exec,5,0
"/Users/wedevs/Local Sites/pm/app/public/wp-content/plugins/wp-project-manager/src/Imports/Helpers/Trello_helper.php",47,9,error,"Using cURL functions is highly discouraged. Use wp_remote_get() instead.",WordPress.WP.AlternativeFunctions.curl_curl_close,5,0
"/Users/wedevs/Local Sites/pm/app/public/wp-content/plugins/wp-project-manager/src/Project/Transformers/Project_Transformer.php",106,22,error,"date() is affected by runtime timezone changes which can cause date/time to be incorrectly displayed. Use gmdate() instead.",WordPress.DateTime.RestrictedFunctions.date_date,5,0
"/Users/wedevs/Local Sites/pm/app/public/wp-content/plugins/wp-project-manager/src/Project/Transformers/Project_Transformer.php",107,22,error,"date() is affected by runtime timezone changes which can cause date/time to be incorrectly displayed. Use gmdate() instead.",WordPress.DateTime.RestrictedFunctions.date_date,5,0
"/Users/wedevs/Local Sites/pm/app/public/wp-content/plugins/wp-project-manager/src/Project/Transformers/Project_Transformer.php",119,29,error,"date() is affected by runtime timezone changes which can cause date/time to be incorrectly displayed. Use gmdate() instead.",WordPress.DateTime.RestrictedFunctions.date_date,5,0
"/Users/wedevs/Local Sites/pm/app/public/wp-content/plugins/wp-project-manager/src/Project/Transformers/Project_Transformer.php",131,29,error,"date() is affected by runtime timezone changes which can cause date/time to be incorrectly displayed. Use gmdate() instead.",WordPress.DateTime.RestrictedFunctions.date_date,5,0
"/Users/wedevs/Local Sites/pm/app/public/wp-content/plugins/wp-project-manager/src/Project/Transformers/Project_Transformer.php",135,52,error,"date() is affected by runtime timezone changes which can cause date/time to be incorrectly displayed. Use gmdate() instead.",WordPress.DateTime.RestrictedFunctions.date_date,5,0
"/Users/wedevs/Local Sites/pm/app/public/wp-content/plugins/wp-project-manager/src/Project/Helper/Project.php",192,63,error,"Use placeholders and $wpdb->prepare(); found $query",WordPress.DB.PreparedSQL.NotPrepared,5,0
"/Users/wedevs/Local Sites/pm/app/public/wp-content/plugins/wp-project-manager/src/Project/Helper/Project.php",210,62,error,"Use placeholders and $wpdb->prepare(); found $query",WordPress.DB.PreparedSQL.NotPrepared,5,0
"/Users/wedevs/Local Sites/pm/app/public/wp-content/plugins/wp-project-manager/src/Project/Helper/Project.php",423,50,error,"Use placeholders and $wpdb->prepare(); found $query",WordPress.DB.PreparedSQL.NotPrepared,5,0
"/Users/wedevs/Local Sites/pm/app/public/wp-content/plugins/wp-project-manager/src/Project/Helper/Project.php",464,50,error,"Use placeholders and $wpdb->prepare(); found $query",WordPress.DB.PreparedSQL.NotPrepared,5,0
"/Users/wedevs/Local Sites/pm/app/public/wp-content/plugins/wp-project-manager/src/Project/Helper/Project.php",504,50,error,"Use placeholders and $wpdb->prepare(); found $query",WordPress.DB.PreparedSQL.NotPrepared,5,0
"/Users/wedevs/Local Sites/pm/app/public/wp-content/plugins/wp-project-manager/src/Project/Helper/Project.php",540,50,error,"Use placeholders and $wpdb->prepare(); found $query",WordPress.DB.PreparedSQL.NotPrepared,5,0
"/Users/wedevs/Local Sites/pm/app/public/wp-content/plugins/wp-project-manager/src/Project/Helper/Project.php",601,50,error,"Use placeholders and $wpdb->prepare(); found $query",WordPress.DB.PreparedSQL.NotPrepared,5,0
"/Users/wedevs/Local Sites/pm/app/public/wp-content/plugins/wp-project-manager/src/Project/Helper/Project.php",638,50,error,"Use placeholders and $wpdb->prepare(); found $query",WordPress.DB.PreparedSQL.NotPrepared,5,0
"/Users/wedevs/Local Sites/pm/app/public/wp-content/plugins/wp-project-manager/src/Project/Helper/Project.php",675,50,error,"Use placeholders and $wpdb->prepare(); found $query",WordPress.DB.PreparedSQL.NotPrepared,5,0
"/Users/wedevs/Local Sites/pm/app/public/wp-content/plugins/wp-project-manager/src/Project/Helper/Project.php",710,50,error,"Use placeholders and $wpdb->prepare(); found $query",WordPress.DB.PreparedSQL.NotPrepared,5,0
"/Users/wedevs/Local Sites/pm/app/public/wp-content/plugins/wp-project-manager/src/Project/Helper/Project.php",752,50,error,"Use placeholders and $wpdb->prepare(); found $query",WordPress.DB.PreparedSQL.NotPrepared,5,0
"/Users/wedevs/Local Sites/pm/app/public/wp-content/plugins/wp-project-manager/src/Project/Helper/Project.php",791,50,error,"Use placeholders and $wpdb->prepare(); found $query",WordPress.DB.PreparedSQL.NotPrepared,5,0
"/Users/wedevs/Local Sites/pm/app/public/wp-content/plugins/wp-project-manager/src/Project/Helper/Project.php",830,50,error,"Use placeholders and $wpdb->prepare(); found $query",WordPress.DB.PreparedSQL.NotPrepared,5,0
"/Users/wedevs/Local Sites/pm/app/public/wp-content/plugins/wp-project-manager/src/Project/Helper/Project.php",904,50,error,"Use placeholders and $wpdb->prepare(); found $query",WordPress.DB.PreparedSQL.NotPrepared,5,0
"/Users/wedevs/Local Sites/pm/app/public/wp-content/plugins/wp-project-manager/src/Project/Helper/Project.php",962,50,error,"Use placeholders and $wpdb->prepare(); found $query",WordPress.DB.PreparedSQL.NotPrepared,5,0
"/Users/wedevs/Local Sites/pm/app/public/wp-content/plugins/wp-project-manager/src/Project/Helper/Project.php",1045,50,error,"Use placeholders and $wpdb->prepare(); found $query",WordPress.DB.PreparedSQL.NotPrepared,5,0
"/Users/wedevs/Local Sites/pm/app/public/wp-content/plugins/wp-project-manager/src/Project/Helper/Project.php",1413,50,error,"Use placeholders and $wpdb->prepare(); found $query",WordPress.DB.PreparedSQL.NotPrepared,5,0
"/Users/wedevs/Local Sites/pm/app/public/wp-content/plugins/wp-project-manager/src/Task/Transformers/Task_Transformer.php",102,35,error,"Use placeholders and $wpdb->prepare(); found $query",WordPress.DB.PreparedSQL.NotPrepared,5,0
"/Users/wedevs/Local Sites/pm/app/public/wp-content/plugins/wp-project-manager/src/Task/Controllers/Task_Controller.php",769,38,error,"date() is affected by runtime timezone changes which can cause date/time to be incorrectly displayed. Use gmdate() instead.",WordPress.DateTime.RestrictedFunctions.date_date,5,0
"/Users/wedevs/Local Sites/pm/app/public/wp-content/plugins/wp-project-manager/src/Task/Controllers/Task_Controller.php",772,38,error,"date() is affected by runtime timezone changes which can cause date/time to be incorrectly displayed. Use gmdate() instead.",WordPress.DateTime.RestrictedFunctions.date_date,5,0
"/Users/wedevs/Local Sites/pm/app/public/wp-content/plugins/wp-project-manager/src/Task/Controllers/Task_Controller.php",775,38,error,"date() is affected by runtime timezone changes which can cause date/time to be incorrectly displayed. Use gmdate() instead.",WordPress.DateTime.RestrictedFunctions.date_date,5,0
"/Users/wedevs/Local Sites/pm/app/public/wp-content/plugins/wp-project-manager/src/Task/Controllers/Task_Controller.php",776,37,error,"date() is affected by runtime timezone changes which can cause date/time to be incorrectly displayed. Use gmdate() instead.",WordPress.DateTime.RestrictedFunctions.date_date,5,0
"/Users/wedevs/Local Sites/pm/app/public/wp-content/plugins/wp-project-manager/src/Task/Controllers/Task_Controller.php",810,34,error,"date() is affected by runtime timezone changes which can cause date/time to be incorrectly displayed. Use gmdate() instead.",WordPress.DateTime.RestrictedFunctions.date_date,5,0
"/Users/wedevs/Local Sites/pm/app/public/wp-content/plugins/wp-project-manager/src/Task/Controllers/Task_Controller.php",813,34,error,"date() is affected by runtime timezone changes which can cause date/time to be incorrectly displayed. Use gmdate() instead.",WordPress.DateTime.RestrictedFunctions.date_date,5,0
"/Users/wedevs/Local Sites/pm/app/public/wp-content/plugins/wp-project-manager/src/Task/Controllers/Task_Controller.php",816,34,error,"date() is affected by runtime timezone changes which can cause date/time to be incorrectly displayed. Use gmdate() instead.",WordPress.DateTime.RestrictedFunctions.date_date,5,0
"/Users/wedevs/Local Sites/pm/app/public/wp-content/plugins/wp-project-manager/src/Task/Controllers/Task_Controller.php",817,33,error,"date() is affected by runtime timezone changes which can cause date/time to be incorrectly displayed. Use gmdate() instead.",WordPress.DateTime.RestrictedFunctions.date_date,5,0
"/Users/wedevs/Local Sites/pm/app/public/wp-content/plugins/wp-project-manager/src/Task/Controllers/Task_Controller.php",1005,40,error,"Use placeholders and $wpdb->prepare(); found $tasks",WordPress.DB.PreparedSQL.NotPrepared,5,0
"/Users/wedevs/Local Sites/pm/app/public/wp-content/plugins/wp-project-manager/src/Task/Controllers/Task_Controller.php",1080,40,error,"Use placeholders and $wpdb->prepare(); found $sql",WordPress.DB.PreparedSQL.NotPrepared,5,0
"/Users/wedevs/Local Sites/pm/app/public/wp-content/plugins/wp-project-manager/src/Task/Controllers/Task_Controller.php",1162,40,error,"Use placeholders and $wpdb->prepare(); found $sql",WordPress.DB.PreparedSQL.NotPrepared,5,0
"/Users/wedevs/Local Sites/pm/app/public/wp-content/plugins/wp-project-manager/src/Task/Helper/Task.php",121,9,error,"File operations should use WP_Filesystem methods instead of direct PHP filesystem calls. Found: fclose()",WordPress.WP.AlternativeFunctions.file_system_read_fclose,5,0
"/Users/wedevs/Local Sites/pm/app/public/wp-content/plugins/wp-project-manager/src/Task/Helper/Task.php",453,40,error,"Use placeholders and $wpdb->prepare(); found $query",WordPress.DB.PreparedSQL.NotPrepared,5,0
"/Users/wedevs/Local Sites/pm/app/public/wp-content/plugins/wp-project-manager/src/Task/Helper/Task.php",670,50,error,"Use placeholders and $wpdb->prepare(); found $query",WordPress.DB.PreparedSQL.NotPrepared,5,0
"/Users/wedevs/Local Sites/pm/app/public/wp-content/plugins/wp-project-manager/src/Task/Helper/Task.php",719,56,error,"Use placeholders and $wpdb->prepare(); found $query",WordPress.DB.PreparedSQL.NotPrepared,5,0
"/Users/wedevs/Local Sites/pm/app/public/wp-content/plugins/wp-project-manager/src/Task/Helper/Task.php",765,50,error,"Use placeholders and $wpdb->prepare(); found $query",WordPress.DB.PreparedSQL.NotPrepared,5,0
"/Users/wedevs/Local Sites/pm/app/public/wp-content/plugins/wp-project-manager/src/Task/Helper/Task.php",801,50,error,"Use placeholders and $wpdb->prepare(); found $query",WordPress.DB.PreparedSQL.NotPrepared,5,0
"/Users/wedevs/Local Sites/pm/app/public/wp-content/plugins/wp-project-manager/src/Task/Helper/Task.php",844,50,error,"Use placeholders and $wpdb->prepare(); found $query",WordPress.DB.PreparedSQL.NotPrepared,5,0
"/Users/wedevs/Local Sites/pm/app/public/wp-content/plugins/wp-project-manager/src/Task/Helper/Task.php",891,50,error,"Use placeholders and $wpdb->prepare(); found $query",WordPress.DB.PreparedSQL.NotPrepared,5,0
"/Users/wedevs/Local Sites/pm/app/public/wp-content/plugins/wp-project-manager/src/Task/Helper/Task.php",931,50,error,"Use placeholders and $wpdb->prepare(); found $query",WordPress.DB.PreparedSQL.NotPrepared,5,0
"/Users/wedevs/Local Sites/pm/app/public/wp-content/plugins/wp-project-manager/src/Task/Helper/Task.php",1001,50,error,"Use placeholders and $wpdb->prepare(); found $query",WordPress.DB.PreparedSQL.NotPrepared,5,0
"/Users/wedevs/Local Sites/pm/app/public/wp-content/plugins/wp-project-manager/src/Task/Helper/Task.php",1052,50,error,"Use placeholders and $wpdb->prepare(); found $query",WordPress.DB.PreparedSQL.NotPrepared,5,0
"/Users/wedevs/Local Sites/pm/app/public/wp-content/plugins/wp-project-manager/src/Task/Helper/Task.php",1088,50,error,"Use placeholders and $wpdb->prepare(); found $query",WordPress.DB.PreparedSQL.NotPrepared,5,0
"/Users/wedevs/Local Sites/pm/app/public/wp-content/plugins/wp-project-manager/src/Task/Helper/Task.php",1388,16,error,"date() is affected by runtime timezone changes which can cause date/time to be incorrectly displayed. Use gmdate() instead.",WordPress.DateTime.RestrictedFunctions.date_date,5,0
"/Users/wedevs/Local Sites/pm/app/public/wp-content/plugins/wp-project-manager/src/Task/Helper/Task.php",1436,24,error,"date() is affected by runtime timezone changes which can cause date/time to be incorrectly displayed. Use gmdate() instead.",WordPress.DateTime.RestrictedFunctions.date_date,5,0
"/Users/wedevs/Local Sites/pm/app/public/wp-content/plugins/wp-project-manager/src/Task/Helper/Task.php",1437,24,error,"date() is affected by runtime timezone changes which can cause date/time to be incorrectly displayed. Use gmdate() instead.",WordPress.DateTime.RestrictedFunctions.date_date,5,0
"/Users/wedevs/Local Sites/pm/app/public/wp-content/plugins/wp-project-manager/src/Task/Helper/Task.php",1475,20,error,"date() is affected by runtime timezone changes which can cause date/time to be incorrectly displayed. Use gmdate() instead.",WordPress.DateTime.RestrictedFunctions.date_date,5,0
"/Users/wedevs/Local Sites/pm/app/public/wp-content/plugins/wp-project-manager/src/Task/Helper/Task.php",1513,24,error,"date() is affected by runtime timezone changes which can cause date/time to be incorrectly displayed. Use gmdate() instead.",WordPress.DateTime.RestrictedFunctions.date_date,5,0
"/Users/wedevs/Local Sites/pm/app/public/wp-content/plugins/wp-project-manager/src/Task/Helper/Task.php",1514,24,error,"date() is affected by runtime timezone changes which can cause date/time to be incorrectly displayed. Use gmdate() instead.",WordPress.DateTime.RestrictedFunctions.date_date,5,0
"/Users/wedevs/Local Sites/pm/app/public/wp-content/plugins/wp-project-manager/src/Task/Helper/Task.php",1552,16,error,"date() is affected by runtime timezone changes which can cause date/time to be incorrectly displayed. Use gmdate() instead.",WordPress.DateTime.RestrictedFunctions.date_date,5,0
"/Users/wedevs/Local Sites/pm/app/public/wp-content/plugins/wp-project-manager/src/Task/Helper/Task.php",1770,34,error,"Use placeholders and $wpdb->prepare(); found $query",WordPress.DB.PreparedSQL.NotPrepared,5,0
"/Users/wedevs/Local Sites/pm/app/public/wp-content/plugins/wp-project-manager/src/Discussion_Board/Helper/Discussion_Board.php",237,56,error,"Use placeholders and $wpdb->prepare(); found $query",WordPress.DB.PreparedSQL.NotPrepared,5,0
"/Users/wedevs/Local Sites/pm/app/public/wp-content/plugins/wp-project-manager/src/Discussion_Board/Helper/Discussion_Board.php",329,51,error,"Use placeholders and $wpdb->prepare(); found $query",WordPress.DB.PreparedSQL.NotPrepared,5,0
"/Users/wedevs/Local Sites/pm/app/public/wp-content/plugins/wp-project-manager/src/Discussion_Board/Helper/Discussion_Board.php",388,51,error,"Use placeholders and $wpdb->prepare(); found $query",WordPress.DB.PreparedSQL.NotPrepared,5,0
"/Users/wedevs/Local Sites/pm/app/public/wp-content/plugins/wp-project-manager/src/Discussion_Board/Helper/Discussion_Board.php",446,51,error,"Use placeholders and $wpdb->prepare(); found $query",WordPress.DB.PreparedSQL.NotPrepared,5,0
"/Users/wedevs/Local Sites/pm/app/public/wp-content/plugins/wp-project-manager/src/Discussion_Board/Helper/Discussion_Board.php",480,51,error,"Use placeholders and $wpdb->prepare(); found $query",WordPress.DB.PreparedSQL.NotPrepared,5,0
"/Users/wedevs/Local Sites/pm/app/public/wp-content/plugins/wp-project-manager/src/Discussion_Board/Helper/Discussion_Board.php",514,56,error,"Use placeholders and $wpdb->prepare(); found $query",WordPress.DB.PreparedSQL.NotPrepared,5,0
"/Users/wedevs/Local Sites/pm/app/public/wp-content/plugins/wp-project-manager/src/Discussion_Board/Helper/Discussion_Board.php",723,50,error,"Use placeholders and $wpdb->prepare(); found $query",WordPress.DB.PreparedSQL.NotPrepared,5,0
